{
  "map@10": 0.12894736842105264,
  "recall@10": 0.12894736842105264,
  "ndcg@100": 1.0,
  "mrr@10": 1.0
}