{
  "map@10": 0.11908333333333332,
  "recall@10": 0.11908333333333332,
  "ndcg@100": 1.0,
  "mrr@10": 1.0
}